SNP,CHR,BP,BETA,SE,P
rs1004290,14,10885820,-0.010720334237437925,0.017483529246128292,1.8845501137278683e-11
rs1003413,4,82908711,0.04293014783122495,0.020490716219967002,1.3061896477403751e-09
rs1001584,20,20331509,0.0009209593093270435,0.019102406523814064,1.5546390130876895e-09
rs1006814,5,21132888,0.007837869258981564,0.02021398234137227,2.8968949683718913e-09
rs1005581,2,84479810,-0.02087736536329926,0.0490933513153878,3.28732696299023e-09
rs1009526,11,9827698,0.01710451231354922,0.02580771999746915,3.5010789183893104e-09
rs1007434,6,51790747,-0.051808586079389186,0.030022488540716194,3.539242859669381e-09
rs1008768,11,27348956,0.003451361174539266,0.031029784204741763,6.140369656580462e-09
rs1000465,12,4429985,-0.026287249163402318,0.018573759390119363,6.356479547610939e-09
rs1000204,20,46977520,0.03094424089325465,0.0373291620447265,7.220016692344752e-09
